email,action,dt
gmail.com,CREATE,2024-07-26 21:18:52
mail.ru,READ,2024-07-26 23:54:37
ya.ru,DELETE,2024-07-26 20:02:08
ya.ru,DELETE,2024-07-26 16:27:46
gmail.com,READ,2024-07-26 10:55:56
ya.ru,READ,2024-07-26 18:51:28
gmail.com,READ,2024-07-26 08:32:20
ya.ru,DELETE,2024-07-26 07:01:53
ya.ru,CREATE,2024-07-26 12:04:34
gmail.com,READ,2024-07-26 23:27:08
mail.ru,CREATE,2024-07-26 20:08:54
mail.ru,READ,2024-07-26 13:16:42
ya.ru,UPDATE,2024-07-26 10:18:37
mail.ru,READ,2024-07-26 06:01:24
gmail.com,UPDATE,2024-07-26 12:00:57
ya.ru,DELETE,2024-07-26 09:41:11
ya.ru,UPDATE,2024-07-26 22:55:40
gmail.com,UPDATE,2024-07-26 06:18:33
ya.ru,DELETE,2024-07-26 06:34:06
mail.ru,READ,2024-07-26 08:16:58
ya.ru,DELETE,2024-07-26 02:39:12
ya.ru,UPDATE,2024-07-26 16:19:04
ya.ru,UPDATE,2024-07-26 00:30:27
ya.ru,READ,2024-07-26 20:53:36
gmail.com,UPDATE,2024-07-26 23:23:37
ya.ru,UPDATE,2024-07-26 03:26:38
mail.ru,READ,2024-07-26 00:52:31
mail.ru,DELETE,2024-07-26 22:08:48
gmail.com,UPDATE,2024-07-26 03:23:27
ya.ru,CREATE,2024-07-26 14:46:07
ya.ru,DELETE,2024-07-26 12:08:35
ya.ru,UPDATE,2024-07-26 08:30:19
gmail.com,READ,2024-07-26 00:13:20
mail.ru,UPDATE,2024-07-26 02:47:46
gmail.com,UPDATE,2024-07-26 10:49:31
ya.ru,DELETE,2024-07-26 23:33:22
mail.ru,UPDATE,2024-07-26 07:52:06
mail.ru,READ,2024-07-26 10:09:01
gmail.com,DELETE,2024-07-26 23:24:43
ya.ru,CREATE,2024-07-26 14:26:32
gmail.com,CREATE,2024-07-26 05:57:05
ya.ru,UPDATE,2024-07-26 09:13:33
mail.ru,CREATE,2024-07-26 10:22:33
ya.ru,UPDATE,2024-07-26 02:15:37
ya.ru,READ,2024-07-26 13:28:58
ya.ru,UPDATE,2024-07-26 14:04:24
gmail.com,UPDATE,2024-07-26 00:45:28
mail.ru,DELETE,2024-07-26 03:50:08
mail.ru,UPDATE,2024-07-26 10:10:51
gmail.com,DELETE,2024-07-26 10:23:07
mail.ru,READ,2024-07-26 05:22:00
gmail.com,READ,2024-07-26 07:32:18
gmail.com,CREATE,2024-07-26 01:27:17
ya.ru,READ,2024-07-26 14:05:30
mail.ru,UPDATE,2024-07-26 07:51:10
gmail.com,DELETE,2024-07-26 11:58:15
gmail.com,CREATE,2024-07-26 13:30:53
ya.ru,UPDATE,2024-07-26 19:50:43
ya.ru,DELETE,2024-07-26 17:04:23
ya.ru,CREATE,2024-07-26 18:03:51
gmail.com,DELETE,2024-07-26 23:08:53
ya.ru,CREATE,2024-07-26 20:57:45
ya.ru,READ,2024-07-26 02:30:01
mail.ru,UPDATE,2024-07-26 15:39:27
mail.ru,DELETE,2024-07-26 07:43:02
ya.ru,UPDATE,2024-07-26 07:13:59
mail.ru,DELETE,2024-07-26 21:19:30
mail.ru,CREATE,2024-07-26 04:58:57
gmail.com,READ,2024-07-26 16:06:00
ya.ru,CREATE,2024-07-26 08:27:33
gmail.com,UPDATE,2024-07-26 12:52:06
gmail.com,DELETE,2024-07-26 03:58:22
gmail.com,UPDATE,2024-07-26 13:27:45
mail.ru,DELETE,2024-07-26 22:01:42
ya.ru,READ,2024-07-26 05:19:18
mail.ru,CREATE,2024-07-26 19:30:47
gmail.com,READ,2024-07-26 15:32:58
ya.ru,CREATE,2024-07-26 22:55:25
gmail.com,READ,2024-07-26 05:52:40
mail.ru,READ,2024-07-26 10:04:47
mail.ru,DELETE,2024-07-26 21:40:53
ya.ru,DELETE,2024-07-26 13:13:53
gmail.com,UPDATE,2024-07-26 03:27:05
ya.ru,UPDATE,2024-07-26 07:41:37
ya.ru,UPDATE,2024-07-26 06:22:43
ya.ru,DELETE,2024-07-26 19:51:19
ya.ru,READ,2024-07-26 21:23:22
ya.ru,READ,2024-07-26 22:31:01
gmail.com,CREATE,2024-07-26 13:56:29
ya.ru,READ,2024-07-26 17:15:30
mail.ru,READ,2024-07-26 00:21:58
gmail.com,DELETE,2024-07-26 11:03:39
ya.ru,READ,2024-07-26 10:02:05
ya.ru,CREATE,2024-07-26 14:06:43
ya.ru,CREATE,2024-07-26 07:27:05
gmail.com,DELETE,2024-07-26 16:38:49
mail.ru,DELETE,2024-07-26 06:36:00
mail.ru,READ,2024-07-26 04:02:37
mail.ru,UPDATE,2024-07-26 21:31:21
ya.ru,DELETE,2024-07-26 16:07:53
gmail.com,DELETE,2024-07-26 07:34:35
mail.ru,UPDATE,2024-07-26 22:18:29
mail.ru,DELETE,2024-07-26 00:42:36
mail.ru,UPDATE,2024-07-26 22:58:35
ya.ru,DELETE,2024-07-26 16:54:31
mail.ru,DELETE,2024-07-26 19:20:14
mail.ru,CREATE,2024-07-26 02:54:33
mail.ru,READ,2024-07-26 16:34:30
ya.ru,CREATE,2024-07-26 19:57:25
mail.ru,CREATE,2024-07-26 00:58:35
mail.ru,UPDATE,2024-07-26 22:36:52
gmail.com,UPDATE,2024-07-26 21:47:36
gmail.com,DELETE,2024-07-26 20:38:29
gmail.com,CREATE,2024-07-26 23:24:37
gmail.com,DELETE,2024-07-26 00:39:40
mail.ru,READ,2024-07-26 07:20:54
gmail.com,UPDATE,2024-07-26 14:44:28
ya.ru,DELETE,2024-07-26 04:59:19
mail.ru,DELETE,2024-07-26 08:50:03
ya.ru,DELETE,2024-07-26 11:14:38
ya.ru,READ,2024-07-26 05:25:57
mail.ru,UPDATE,2024-07-26 12:16:17
ya.ru,READ,2024-07-26 03:37:18
ya.ru,CREATE,2024-07-26 00:00:22
mail.ru,CREATE,2024-07-26 12:51:04
gmail.com,READ,2024-07-26 21:05:58
gmail.com,UPDATE,2024-07-26 19:32:07
mail.ru,DELETE,2024-07-26 11:34:43
gmail.com,DELETE,2024-07-26 13:53:43
mail.ru,CREATE,2024-07-26 23:01:40
ya.ru,UPDATE,2024-07-26 19:40:22
mail.ru,CREATE,2024-07-26 19:27:47
ya.ru,READ,2024-07-26 08:24:44
mail.ru,DELETE,2024-07-26 19:58:47
gmail.com,DELETE,2024-07-26 14:18:28
ya.ru,DELETE,2024-07-26 06:36:41
ya.ru,CREATE,2024-07-26 12:22:19
ya.ru,UPDATE,2024-07-26 00:43:41
gmail.com,UPDATE,2024-07-26 00:38:45
ya.ru,UPDATE,2024-07-26 01:08:11
mail.ru,READ,2024-07-26 20:11:38
gmail.com,CREATE,2024-07-26 19:58:52
gmail.com,UPDATE,2024-07-26 22:28:30
mail.ru,READ,2024-07-26 18:13:43
mail.ru,CREATE,2024-07-26 17:04:49
mail.ru,DELETE,2024-07-26 08:07:29
ya.ru,READ,2024-07-26 16:48:20
mail.ru,CREATE,2024-07-26 08:19:48
gmail.com,CREATE,2024-07-26 19:48:08
gmail.com,DELETE,2024-07-26 12:17:42
ya.ru,CREATE,2024-07-26 03:30:13
gmail.com,READ,2024-07-26 13:13:24
gmail.com,UPDATE,2024-07-26 11:27:40
gmail.com,UPDATE,2024-07-26 08:09:46
ya.ru,CREATE,2024-07-26 16:59:09
ya.ru,DELETE,2024-07-26 07:00:21
ya.ru,CREATE,2024-07-26 02:16:48
gmail.com,DELETE,2024-07-26 06:12:03
ya.ru,DELETE,2024-07-26 04:00:37
gmail.com,READ,2024-07-26 19:34:42
ya.ru,CREATE,2024-07-26 16:47:45
ya.ru,UPDATE,2024-07-26 19:33:13
gmail.com,READ,2024-07-26 15:49:33
gmail.com,DELETE,2024-07-26 16:27:45
ya.ru,CREATE,2024-07-26 08:47:29
ya.ru,UPDATE,2024-07-26 14:09:40
mail.ru,DELETE,2024-07-26 14:01:09
ya.ru,UPDATE,2024-07-26 12:24:56
ya.ru,READ,2024-07-26 21:44:49
mail.ru,UPDATE,2024-07-26 01:35:27
gmail.com,READ,2024-07-26 23:14:02
gmail.com,UPDATE,2024-07-26 03:16:08
gmail.com,READ,2024-07-26 22:39:05
ya.ru,DELETE,2024-07-26 22:41:52
gmail.com,UPDATE,2024-07-26 20:53:18
gmail.com,CREATE,2024-07-26 19:44:41
gmail.com,READ,2024-07-26 19:00:59
mail.ru,CREATE,2024-07-26 05:54:08
ya.ru,UPDATE,2024-07-26 13:17:21
ya.ru,READ,2024-07-26 18:18:01
ya.ru,UPDATE,2024-07-26 07:09:35
gmail.com,READ,2024-07-26 03:23:43
gmail.com,READ,2024-07-26 02:18:09
mail.ru,CREATE,2024-07-26 00:22:58
mail.ru,UPDATE,2024-07-26 23:51:12
gmail.com,CREATE,2024-07-26 05:19:33
gmail.com,CREATE,2024-07-26 19:35:44
mail.ru,READ,2024-07-26 18:22:12
gmail.com,UPDATE,2024-07-26 15:51:32
gmail.com,DELETE,2024-07-26 14:16:01
mail.ru,UPDATE,2024-07-26 23:39:54
gmail.com,UPDATE,2024-07-26 08:36:03
mail.ru,DELETE,2024-07-26 10:09:23
gmail.com,UPDATE,2024-07-26 02:05:48
mail.ru,READ,2024-07-26 01:52:44
ya.ru,CREATE,2024-07-26 19:12:35
ya.ru,CREATE,2024-07-26 01:32:18
ya.ru,CREATE,2024-07-26 20:04:29
mail.ru,READ,2024-07-26 21:34:26
ya.ru,DELETE,2024-07-26 02:10:17
gmail.com,CREATE,2024-07-26 05:49:33
mail.ru,READ,2024-07-26 14:31:50
mail.ru,CREATE,2024-07-26 19:03:04
mail.ru,CREATE,2024-07-26 06:03:14
ya.ru,CREATE,2024-07-26 13:22:32
mail.ru,CREATE,2024-07-26 10:02:26
gmail.com,READ,2024-07-26 08:13:57
mail.ru,UPDATE,2024-07-26 13:22:58
ya.ru,DELETE,2024-07-26 14:42:42
gmail.com,UPDATE,2024-07-26 13:50:03
mail.ru,CREATE,2024-07-26 16:01:51
mail.ru,READ,2024-07-26 19:21:12
mail.ru,UPDATE,2024-07-26 19:27:05
ya.ru,DELETE,2024-07-26 02:16:52
mail.ru,READ,2024-07-26 12:12:21
mail.ru,READ,2024-07-26 23:47:44
gmail.com,UPDATE,2024-07-26 21:18:47
mail.ru,UPDATE,2024-07-26 21:27:33
mail.ru,READ,2024-07-26 17:41:41
ya.ru,READ,2024-07-26 15:15:59
gmail.com,DELETE,2024-07-26 19:19:48
gmail.com,CREATE,2024-07-26 14:10:33
ya.ru,CREATE,2024-07-26 13:30:12
mail.ru,CREATE,2024-07-26 09:24:56
mail.ru,DELETE,2024-07-26 14:51:07
ya.ru,DELETE,2024-07-26 09:06:38
gmail.com,READ,2024-07-26 09:34:56
ya.ru,CREATE,2024-07-26 13:59:00
ya.ru,UPDATE,2024-07-26 03:21:32
ya.ru,CREATE,2024-07-26 01:10:54
gmail.com,CREATE,2024-07-26 11:55:21
gmail.com,UPDATE,2024-07-26 00:49:07
ya.ru,READ,2024-07-26 12:31:38
ya.ru,DELETE,2024-07-26 10:03:11
gmail.com,CREATE,2024-07-26 17:20:06
gmail.com,CREATE,2024-07-26 12:51:55
ya.ru,DELETE,2024-07-26 15:20:27
mail.ru,UPDATE,2024-07-26 15:09:53
mail.ru,READ,2024-07-26 00:40:26
mail.ru,READ,2024-07-26 11:29:17
gmail.com,READ,2024-07-26 02:26:26
ya.ru,CREATE,2024-07-26 14:53:24
gmail.com,CREATE,2024-07-26 20:47:57
gmail.com,CREATE,2024-07-26 05:37:58
mail.ru,CREATE,2024-07-26 22:30:00
ya.ru,UPDATE,2024-07-26 08:40:24
mail.ru,READ,2024-07-26 10:36:54
ya.ru,DELETE,2024-07-26 18:51:05
gmail.com,DELETE,2024-07-26 02:06:19
ya.ru,DELETE,2024-07-26 07:54:27
mail.ru,CREATE,2024-07-26 08:27:54
ya.ru,UPDATE,2024-07-26 09:20:14
gmail.com,DELETE,2024-07-26 17:25:52
gmail.com,DELETE,2024-07-26 21:09:12
ya.ru,DELETE,2024-07-26 15:32:26
mail.ru,READ,2024-07-26 11:32:03
gmail.com,CREATE,2024-07-26 08:56:49
ya.ru,UPDATE,2024-07-26 12:18:41
ya.ru,DELETE,2024-07-26 14:14:37
ya.ru,DELETE,2024-07-26 09:32:03
mail.ru,DELETE,2024-07-26 13:05:18
gmail.com,READ,2024-07-26 21:30:17
gmail.com,READ,2024-07-26 17:57:42
gmail.com,READ,2024-07-26 02:04:06
mail.ru,CREATE,2024-07-26 19:46:56
ya.ru,CREATE,2024-07-26 17:38:41
mail.ru,UPDATE,2024-07-26 13:21:58
mail.ru,CREATE,2024-07-26 01:00:13
gmail.com,CREATE,2024-07-26 02:13:31
gmail.com,UPDATE,2024-07-26 05:54:58
gmail.com,CREATE,2024-07-26 14:55:50
mail.ru,READ,2024-07-26 19:05:31
ya.ru,READ,2024-07-26 04:29:29
mail.ru,UPDATE,2024-07-26 09:13:40
gmail.com,READ,2024-07-26 15:30:13
ya.ru,CREATE,2024-07-26 10:16:07
gmail.com,READ,2024-07-26 17:35:20
gmail.com,READ,2024-07-26 05:48:07
ya.ru,DELETE,2024-07-26 21:25:06
mail.ru,CREATE,2024-07-26 08:32:51
gmail.com,CREATE,2024-07-26 09:07:29
ya.ru,READ,2024-07-26 08:09:39
ya.ru,CREATE,2024-07-26 22:34:05
gmail.com,DELETE,2024-07-26 15:04:14
ya.ru,READ,2024-07-26 15:59:43
mail.ru,UPDATE,2024-07-26 08:53:27
mail.ru,UPDATE,2024-07-26 04:23:26
gmail.com,READ,2024-07-26 21:58:37
ya.ru,UPDATE,2024-07-26 23:21:49
mail.ru,READ,2024-07-26 14:32:39
gmail.com,UPDATE,2024-07-26 18:34:26
gmail.com,READ,2024-07-26 20:58:48
ya.ru,DELETE,2024-07-26 14:27:01
gmail.com,CREATE,2024-07-26 11:08:16
mail.ru,DELETE,2024-07-26 06:17:41
gmail.com,READ,2024-07-26 07:47:09
mail.ru,DELETE,2024-07-26 09:14:52
mail.ru,DELETE,2024-07-26 13:33:32
gmail.com,UPDATE,2024-07-26 18:06:55
mail.ru,DELETE,2024-07-26 13:09:28
ya.ru,UPDATE,2024-07-26 01:30:05
ya.ru,UPDATE,2024-07-26 09:24:14
ya.ru,UPDATE,2024-07-26 23:35:31
gmail.com,READ,2024-07-26 09:21:00
mail.ru,READ,2024-07-26 13:29:36
mail.ru,UPDATE,2024-07-26 11:56:32
mail.ru,READ,2024-07-26 08:48:48
ya.ru,CREATE,2024-07-26 13:36:46
gmail.com,UPDATE,2024-07-26 15:39:19
gmail.com,DELETE,2024-07-26 21:40:50
ya.ru,DELETE,2024-07-26 19:05:00
gmail.com,CREATE,2024-07-26 22:28:11
ya.ru,CREATE,2024-07-26 15:27:40
mail.ru,DELETE,2024-07-26 22:50:40
gmail.com,UPDATE,2024-07-26 22:44:30
gmail.com,UPDATE,2024-07-26 08:57:10
ya.ru,UPDATE,2024-07-26 00:45:35
ya.ru,READ,2024-07-26 16:07:15
gmail.com,DELETE,2024-07-26 19:36:04
mail.ru,READ,2024-07-26 10:07:21
mail.ru,CREATE,2024-07-26 14:39:37
gmail.com,READ,2024-07-26 22:48:06
mail.ru,READ,2024-07-26 10:04:36
ya.ru,READ,2024-07-26 12:20:38
ya.ru,UPDATE,2024-07-26 18:48:21
gmail.com,CREATE,2024-07-26 08:44:41
gmail.com,DELETE,2024-07-26 15:03:30
ya.ru,DELETE,2024-07-26 03:06:46
gmail.com,READ,2024-07-26 21:53:36
ya.ru,READ,2024-07-26 16:38:39
gmail.com,READ,2024-07-26 00:50:50
ya.ru,DELETE,2024-07-26 00:10:20
mail.ru,READ,2024-07-26 06:30:21
gmail.com,DELETE,2024-07-26 21:39:09
ya.ru,UPDATE,2024-07-26 05:48:34
ya.ru,UPDATE,2024-07-26 18:34:27
gmail.com,READ,2024-07-26 13:39:55
ya.ru,UPDATE,2024-07-26 17:41:43
ya.ru,CREATE,2024-07-26 08:44:07
ya.ru,READ,2024-07-26 05:37:35
mail.ru,DELETE,2024-07-26 20:56:24
gmail.com,DELETE,2024-07-26 23:56:23
mail.ru,DELETE,2024-07-26 09:30:04
ya.ru,READ,2024-07-26 12:05:06
gmail.com,CREATE,2024-07-26 17:28:12
mail.ru,UPDATE,2024-07-26 03:54:22
ya.ru,CREATE,2024-07-26 14:00:25
ya.ru,CREATE,2024-07-26 08:01:05
gmail.com,DELETE,2024-07-26 04:55:09
ya.ru,UPDATE,2024-07-26 16:25:25
ya.ru,CREATE,2024-07-26 06:32:42
gmail.com,UPDATE,2024-07-26 11:35:04
gmail.com,CREATE,2024-07-26 23:10:58
mail.ru,CREATE,2024-07-26 03:48:40
mail.ru,READ,2024-07-26 22:54:42
mail.ru,UPDATE,2024-07-26 02:19:16
gmail.com,READ,2024-07-26 02:31:57
gmail.com,DELETE,2024-07-26 12:46:39
gmail.com,CREATE,2024-07-26 20:28:54
gmail.com,CREATE,2024-07-26 16:42:25
mail.ru,UPDATE,2024-07-26 23:39:53
mail.ru,READ,2024-07-26 22:27:37
mail.ru,CREATE,2024-07-26 07:48:23
ya.ru,CREATE,2024-07-26 02:43:41
gmail.com,READ,2024-07-26 14:12:36
ya.ru,READ,2024-07-26 05:54:00
gmail.com,UPDATE,2024-07-26 07:48:54
mail.ru,CREATE,2024-07-26 08:42:57
ya.ru,UPDATE,2024-07-26 16:15:17
mail.ru,DELETE,2024-07-26 02:58:03
ya.ru,READ,2024-07-26 05:51:25
ya.ru,CREATE,2024-07-26 10:21:48
gmail.com,READ,2024-07-26 15:57:43
mail.ru,DELETE,2024-07-26 18:24:58
